insert into t_role(id, name, description)
values (1, '超级管理员', '拥有一切权限'),
       (2, '查询权限', '拥有查询权限');

insert into t_user(id, username, name_cn, password)
values (1, 'admin', '超级管理员', '1cc6d688f3deb79bffc25543f69cff66'),
       (2, 'guest', '只读用户', 'c01378d1ebc1962f965499e0463a1522');

insert into t_user_role (id, user_id, role_id)
values (1, 1, 1),
       (2, 2, 2);

insert into t_menu(id, name, name_en, path, sort, icon, parent_id)
values (1, '工单任务', 'Task', '/task', 1, 'cloud-admin-extend', null),
       (2, '设备管理', 'Device', '/device', 2, 'cloud-admin-server', null),
       (3, '策略管理', 'Policy', '/policy', 3, 'cloud-admin-cpu', null),
       (4, '实用工具', 'Tools', '/tools', 4, 'cloud-admin-box', null),
       (5, '系统管理', 'System', '/system', 5, 'cloud-admin-setting', null),
       (6, '后台配置', 'Admin', '/admin', 6, 'cloud-admin-controller', null),
       (7, '防火墙工单', 'Firewall', '/task/firewall', 7, null, 1),
       (8, '负载均衡工单', 'Nlb', '/task/nlb', 8, null, 1),
       (9, '防火墙设备', 'Firewall', '/device/firewall', 9, null, 2),
       (10, '负载均衡设备', 'Nlb', '/device/nlb', 10, null, 2),
       (11, '防火墙策略', 'Firewall', '/policy/firewall', 11, null, 3),
       (12, '负载均衡策略', 'Nlb', '/policy/nlb', 12, null, 3),
       (13, '防火墙Nat', 'FirewallNat', '/policy/firewall_nat', 13, null, 3),
       (14, '无效策略', 'InvalidPolicy', '/tools/invalid_policy', 15, null, 4),
       (15, '公网白名单', 'PublicWhitelist', '/tools/public_whitelist', 16, null, 4),
       (16, '用户管理', 'User', '/system/user', 17, null, 5),
       (17, '角色管理', 'Role', '/system/role', 18, null, 5),
       (18, '日志管理', 'Log', '/system/log', 19, null, 5),

       (19, '平台配置', 'Platform', '/admin/platform', 20, null, 6),
       (20, '设备配置', 'Device', '/admin/device', 21, null, 6),
       (21, 'JIRA配置', 'Jira', '/admin/jira', 22, null, 6),

       (22, '菜单管理', 'Menu', '/admin/menu', 23, null, 19),
       (23, '接口管理', 'Api', '/admin/api', 24, null, 19),
       (24, '属地管理', 'Region', '/admin/region', 25, null, 19),
       (25, '网段管理', 'Subnet', '/admin/subnet', 26, null, 19),
       (26, '出向网络管理', 'OutboundNetwork', '/admin/outbound_network_type', 27, null, 19),
       (27, '任务模板管理', 'TaskTemplate', '/admin/task_template', 28, null, 19),

       (28, '设备类型', 'DeviceType', '/admin/device_type', 29, null, 20),
       (29, '防火墙网段', 'FirewallSubnet', '/admin/firewall_subnet', 30, null, 20),
       (30, '负载均衡网段', 'NlbSubnet', '/admin/nlb_subnet', 31, null, 20),
       (31, 'Nat映射地址', 'NatAddress', '/admin/nat_address', 32, null, 20),

       (32, '任务状态', 'TaskStatus', '/admin/task_status', 33, null, 21),
       (33, '工单环境', 'IssueType', '/admin/issue_type', 34, null, 21),
       (34, '工单实施类型', 'ImplementType', '/admin/implement_type', 35, null, 21);

DELETE
FROM t_api
WHERE id > 0;
ALTER TABLE t_api
    AUTO_INCREMENT = 1;
insert into t_api(name, uri, method, enabled)
values ('查询任务信息', '/tasks', 'GET', 1),
       ('查看单个任务', '/task', 'GET', 1),
       ('添加任务信息', '/task', 'POST', 1),
       ('获取工单附件', '/task/get_jira_attachment', 'POST', 1),
       ('查看任务日志', '/task/operate_log', 'GET', 1),
       ('生成工单配置', '/task/gene_config', 'POST', 1),
       ('执行任务', '/task/exec', 'POST', 1),
       ('审核通过', '/task/verify_pass', 'POST', 1),
       ('送执行方审核', '/task/to_executor', 'POST', 1),
       ('驳回', '/task/reject', 'POST', 1),
       ('同步工单状态', '/task/sync_jira', 'POST', 1),
       ('送Leader审核', '/task/to_leader', 'POST', 1),

       ('查询任务策略信息', '/task/infos', 'GET', 1),
       ('查看单个任务策略信息', '/task/info', 'GET', 1),
       ('添加任务策略信息', '/task/info', 'POST', 1),
       ('删除任务策略信息', '/task/info', 'DELETE', 1),


       ('查询防火墙信息', '/device/firewalls', 'GET', 1),
       ('查看单个防火墙', '/device/firewall', 'GET', 1),
       ('添加防火墙信息', '/device/firewall', 'POST', 1),
       ('修改防火墙信息', '/device/firewall', 'PUT', 1),
       ('删除防火墙信息', '/device/firewall', 'DELETE', 1),
       ('解析防火墙策略', '/device/firewall/policy', 'POST', 1),
       ('查看防火墙策略解析日志', '/device/firewall/policy_log', 'GET', 1),
       ('备份防火墙配置', '/device/firewall/backup', 'GET', 1),

       ('查询负载均衡信息', '/device/nlbs', 'GET', 1),
       ('查看单个负载均衡', '/device/nlb', 'GET', 1),
       ('添加负载均衡信息', '/device/nlb', 'POST', 1),
       ('修改负载均衡信息', '/device/nlb', 'PUT', 1),
       ('删除负载均衡信息', '/device/nlb', 'DELETE', 1),
       ('解析负载均衡策略', '/device/nlb/policy', 'POST', 1),
       ('查看负载均衡策略解析日志', '/device/nlb/policy_log', 'GET', 1),

       ('查询设备备份信息', '/device/backups', 'GET', 1),
       ('下载设备备份信息', '/device/backup/download', 'GET', 1),

       ('查询防火墙策略', '/policy/firewall', 'GET', 1),
       ('查询负载均衡策略', '/policy/nlb', 'GET', 1),
       ('查询防火墙nat策略', '/policy/firewall_nat', 'GET', 1),

       ('查询公网白名单信息', '/tools/public_whitelists', 'GET', 1),
       ('查看单个公网白名单信息', '/tools/public_whitelist', 'GET', 1),
       ('添加公网白名单信息', '/tools/public_whitelist', 'POST', 1),
       ('修改公网白名单信息', '/tools/public_whitelist', 'PUT', 1),
       ('删除公网白名单信息', '/tools/public_whitelist', 'DELETE', 1),
       ('解析暴露白名单任务', '/tools/public_whitelist/parse', 'POST', 1),
       ('解析所有暴露白名单任务', '/tools/public_whitelist/parse_all', 'POST', 1),

       ('查询无效策略任务信息', '/tools/invalid_policy_tasks', 'GET', 1),
       ('查看单个无效策略任务信息', '/tools/invalid_policy_task', 'GET', 1),
       ('添加无效策略任务', '/tools/invalid_policy_task', 'POST', 1),
       ('修改无效策略任务', '/tools/invalid_policy_task', 'PUT', 1),
       ('删除无效策略任务', '/tools/invalid_policy_task', 'DELETE', 1),
       ('解析无效策略任务', '/tools/invalid_policy_task/parse', 'POST', 1),
       ('查看无效策略命中信息', '/tools/invalid_policy_task/policy_hit_counts', 'GET', 1),

       ('查询用户信息', '/system/users', 'GET', 1),
       ('查看单个用户信息', '/system/user', 'GET', 1),
       ('添加用户', '/system/user', 'POST', 1),
       ('修改用户', '/system/user', 'PUT', 1),
       ('删除用户', '/system/user', 'DELETE', 1),

       ('查询角色信息', '/system/roles', 'GET', 1),
       ('查看单个角色信息', '/system/role', 'GET', 1),
       ('添加角色', '/system/role', 'POST', 1),
       ('修改角色', '/system/role', 'PUT', 1),
       ('删除角色', '/system/role', 'DELETE', 1),
       ('获取角色权限', '/system/role/permission', 'GET', 1),
       ('更新角色权限', '/system/role/permission', 'PUT', 1),

       ('查询操作日志', '/system/logs', 'GET', 1),

       ('查询Api信息', '/admin/apis', 'GET', 1),
       ('查看单个Api信息', '/admin/api', 'GET', 1),
       ('添加Api', '/admin/api', 'POST', 1),
       ('修改Api', '/admin/api', 'PUT', 1),
       ('删除Api', '/admin/api', 'DELETE', 1),

       ('查询菜单信息', '/admin/menus', 'GET', 1),
       ('查看单个菜单信息', '/admin/menu', 'GET', 1),
       ('添加菜单', '/admin/menu', 'POST', 1),
       ('修改菜单', '/admin/menu', 'PUT', 1),
       ('删除菜单', '/admin/menu', 'DELETE', 1),
       ('关联菜单接口', '/admin/menu/relation_api', 'POST', 1),
       ('获取菜单已关联接口ID', '/admin/menu/relation_api_ids', 'GET', 1),

       ('查询出向网络类型信息', '/admin/outbound_network_types', 'GET', 1),
       ('查看单个出向网络类型信息', '/admin/outbound_network_type', 'GET', 1),
       ('添加出向网络类型', '/admin/outbound_network_type', 'POST', 1),
       ('修改出向网络类型', '/admin/outbound_network_type', 'PUT', 1),
       ('删除出向网络类型', '/admin/outbound_network_type', 'DELETE', 1),

       ('查询属地信息', '/admin/regions', 'GET', 1),
       ('查看单个属地信息', '/admin/region', 'GET', 1),
       ('添加属地', '/admin/region', 'POST', 1),
       ('修改属地', '/admin/region', 'PUT', 1),
       ('删除属地', '/admin/region', 'DELETE', 1),

       ('查询网段信息', '/admin/subnets', 'GET', 1),
       ('查看单个网段信息', '/admin/subnet', 'GET', 1),
       ('添加网段', '/admin/subnet', 'POST', 1),
       ('修改网段', '/admin/subnet', 'PUT', 1),
       ('删除网段', '/admin/subnet', 'DELETE', 1),

       ('查询任务模板信息', '/admin/task_templates', 'GET', 1),
       ('查看单个任务模板信息', '/admin/task_template', 'GET', 1),
       ('添加任务模板', '/admin/task_template', 'POST', 1),
       ('修改任务模板', '/admin/task_template', 'PUT', 1),
       ('删除任务模板', '/admin/task_template', 'DELETE', 1),

       ('查询nat映射信息', '/admin/device_nat_addresses', 'GET', 1),
       ('查看单个nat映射信息', '/admin/device_nat_address', 'GET', 1),
       ('添加nat映射', '/admin/device_nat_address', 'POST', 1),
       ('修改nat映射', '/admin/device_nat_address', 'PUT', 1),
       ('删除nat映射', '/admin/device_nat_address', 'DELETE', 1),

       ('查询nat pool信息', '/admin/device_nat_pools', 'GET', 1),
       ('查看单个nat pool信息', '/admin/device_nat_pool', 'GET', 1),
       ('添加nat pool', '/admin/device_nat_pool', 'POST', 1),
       ('修改nat pool', '/admin/device_nat_pool', 'PUT', 1),
       ('删除nat pool', '/admin/device_nat_pool', 'DELETE', 1),

       ('查询设备类型信息', '/admin/device_types', 'GET', 1),
       ('查看单个设备类型信息', '/admin/device_type', 'GET', 1),
       ('添加设备类型', '/admin/device_type', 'POST', 1),
       ('修改设备类型', '/admin/device_type', 'PUT', 1),
       ('删除设备类型', '/admin/device_type', 'DELETE', 1),

       ('查询f5SnatPool信息', '/admin/f5_snat_pools', 'GET', 1),
       ('查看单个f5SnatPool信息', '/admin/f5_snat_pool', 'GET', 1),
       ('添加f5SnatPool', '/admin/f5_snat_pool', 'POST', 1),
       ('修改f5SnatPool', '/admin/f5_snat_pool', 'PUT', 1),
       ('删除f5SnatPool', '/admin/f5_snat_pool', 'DELETE', 1),

       ('查询防火墙网段信息', '/admin/firewall_subnets', 'GET', 1),
       ('查看单个防火墙网段信息', '/admin/firewall_subnet', 'GET', 1),
       ('添加防火墙网段', '/admin/firewall_subnet', 'POST', 1),
       ('修改防火墙网段', '/admin/firewall_subnet', 'PUT', 1),
       ('删除防火墙网段', '/admin/firewall_subnet', 'DELETE', 1),

       ('查询负载均衡网段信息', '/admin/nlb_subnets', 'GET', 1),
       ('查看单个负载均衡网段信息', '/admin/nlb_subnet', 'GET', 1),
       ('添加负载均衡网段', '/admin/nlb_subnet', 'POST', 1),
       ('修改负载均衡网段', '/admin/nlb_subnet', 'PUT', 1),
       ('删除负载均衡网段', '/admin/nlb_subnet', 'DELETE', 1),

       ('查询任务类型信息', '/admin/task_statuses', 'GET', 1),
       ('查看单个任务类型信息', '/admin/task_status', 'GET', 1),
       ('添加任务类型', '/admin/task_status', 'POST', 1),
       ('修改任务类型', '/admin/task_status', 'PUT', 1),
       ('删除任务类型', '/admin/task_status', 'DELETE', 1),

       ('查询工单类型信息', '/admin/issue_types', 'GET', 1),
       ('查看单个工单类型信息', '/admin/issue_type', 'GET', 1),
       ('添加工单类型', '/admin/issue_type', 'POST', 1),
       ('修改工单类型', '/admin/issue_type', 'PUT', 1),
       ('删除工单类型', '/admin/issue_type', 'DELETE', 1),

       ('查询工单实施类型信息', '/admin/implement_types', 'GET', 1),
       ('查看单个工单实施类型信息', '/admin/implement_type', 'GET', 1),
       ('添加工单实施类型', '/admin/implement_type', 'POST', 1),
       ('修改工单实施类型', '/admin/implement_type', 'PUT', 1),
       ('删除工单实施类型', '/admin/implement_type', 'DELETE', 1);

ALTER TABLE t_menu_api
    AUTO_INCREMENT = 1;
INSERT INTO t_menu_api (id, menu_id, api_id)
VALUES (25, 7, 1),
       (11, 7, 6),
       (12, 7, 7),
       (13, 7, 8),
       (14, 7, 9),
       (15, 7, 10),
       (16, 7, 11),
       (17, 7, 12),
       (18, 7, 13),
       (19, 7, 14),
       (20, 7, 15),
       (21, 7, 16),
       (22, 7, 17),
       (23, 7, 18),
       (24, 7, 19),
       (10, 7, 84),
       (41, 8, 1),
       (39, 8, 6),
       (38, 8, 7),
       (37, 8, 8),
       (36, 8, 9),
       (35, 8, 10),
       (34, 8, 11),
       (33, 8, 12),
       (32, 8, 13),
       (31, 8, 14),
       (30, 8, 15),
       (29, 8, 16),
       (28, 8, 17),
       (27, 8, 18),
       (26, 8, 19),
       (40, 8, 85),
       (43, 9, 20),
       (44, 9, 21),
       (45, 9, 22),
       (46, 9, 23),
       (47, 9, 24),
       (48, 9, 25),
       (49, 9, 26),
       (50, 9, 27),
       (42, 9, 84),
       (57, 10, 28),
       (56, 10, 29),
       (55, 10, 30),
       (54, 10, 31),
       (53, 10, 32),
       (52, 10, 33),
       (51, 10, 34),
       (58, 10, 85),
       (61, 11, 20),
       (59, 11, 37),
       (60, 11, 84),
       (64, 12, 28),
       (62, 12, 38),
       (63, 12, 84),
       (65, 13, 20),
       (67, 13, 39),
       (66, 13, 84),
       (68, 14, 20),
       (70, 14, 47),
       (71, 14, 48),
       (72, 14, 49),
       (73, 14, 50),
       (74, 14, 51),
       (75, 14, 52),
       (76, 14, 53),
       (69, 14, 84),
       (78, 15, 20),
       (77, 15, 28),
       (84, 15, 40),
       (83, 15, 41),
       (82, 15, 42),
       (81, 15, 43),
       (80, 15, 44),
       (79, 15, 84),
       (86, 16, 54),
       (87, 16, 55),
       (88, 16, 56),
       (89, 16, 57),
       (90, 16, 58),
       (85, 16, 59),
       (97, 17, 59),
       (96, 17, 60),
       (95, 17, 61),
       (94, 17, 62),
       (93, 17, 63),
       (92, 17, 64),
       (91, 17, 65),
       (98, 18, 66),
       (99, 22, 72),
       (100, 22, 73),
       (101, 22, 74),
       (102, 22, 75),
       (103, 22, 76),
       (104, 22, 77),
       (105, 22, 78),
       (118, 23, 67),
       (117, 23, 68),
       (116, 23, 69),
       (115, 23, 70),
       (114, 23, 71),
       (113, 23, 72),
       (123, 24, 84),
       (122, 24, 85),
       (121, 24, 86),
       (120, 24, 87),
       (119, 24, 88),
       (133, 25, 89),
       (132, 25, 90),
       (131, 25, 91),
       (130, 25, 92),
       (129, 25, 93),
       (138, 26, 79),
       (137, 26, 80),
       (136, 26, 81),
       (135, 26, 82),
       (134, 26, 83),
       (143, 27, 94),
       (142, 27, 95),
       (141, 27, 96),
       (140, 27, 97),
       (139, 27, 98),
       (148, 28, 109),
       (147, 28, 110),
       (146, 28, 111),
       (145, 28, 112),
       (144, 28, 113),
       (149, 29, 119),
       (150, 29, 120),
       (151, 29, 121),
       (152, 29, 122),
       (153, 29, 123),
       (158, 30, 124),
       (157, 30, 125),
       (156, 30, 126),
       (155, 30, 127),
       (154, 30, 128),
       (163, 31, 99),
       (162, 31, 100),
       (161, 31, 101),
       (160, 31, 102),
       (159, 31, 103),
       (168, 32, 129),
       (167, 32, 130),
       (166, 32, 131),
       (165, 32, 132),
       (164, 32, 133),
       (179, 33, 84),
       (180, 33, 134),
       (181, 33, 135),
       (182, 33, 136),
       (183, 33, 137),
       (184, 33, 138),
       (178, 34, 139),
       (177, 34, 140),
       (176, 34, 141),
       (175, 34, 142),
       (174, 34, 143);